qualtricsIds	webform1Ids	webform2Ids	msBot1Ids	msBot2Ids	gptBot1Ids	gptBot2Ids
R_xu9yzSBJYVAGVGx	R_12FjCFx7rCSJ8EF	1	2	3	4	5
R_2fdJqq53POZqOBD	R_t0aE9uZPrNnFvrP	1	2	3	4	5
R_24q7XMb6stBBfCC	R_xFsXcQwQbsedWwx	1	2	3	4	5
R_3sBPea1OK7Gfe7G	R_xFsXcQwQbsedWwx	1	2	3	4	5
R_2V9kchUgPFMyOs7	R_1CIODVn6osMC8BQ	1	2	3	4	5
R_3M6EBJt0038g35j	R_3oBcV8UAMQaqWkD					
R_zcj5lCHi1uRUjpn	R_3ssSzVOlPCWs7W1					
R_3g6MOcjyk028zIj	2023-11-22T08:29:44-07:00					
R_3k0rikhNw0ji9Ll	2023-11-22T08:29:44-07:00					
R_1DGpz6f9sxZ8nBD	2023-11-18T20:12:54-07:00					
R_2e9fpsEZuV4SjHq	R_3NJJTn9N4rrxZMK					
R_1ltphOoE9QU5evY	R_2ceANsumUoVj4Ek					
R_2AZ2TUVfROWnp28	R_tPUFUvIP4x4Tn57					
R_3QWuaztilROT0SQ	R_3DbvHTjV0SInOuO					
R_AjQRjtiX4eYLwoF	R_3CPExZXG0xLNErf					
R_PIqVr8dj9uWfFnz	R_3CPExZXG0xLNErf					
R_25B2bhHpmRrgFhv	R_3CPExZXG0xLNErf					
R_33vbBww5E26o1hs	R_1MLqDHcjO8coeev					
R_1DGsO8sPQEssUB1	R_W05uWEF2dEtVvA5					
R_2aXjl5pHWIp8wHa	R_1pxs2Robufb8yW3					
R_3mgWuleDQaQHiah	R_2zVlX5kop6ahzyh					
R_1is7dp6NnYVEU6u	R_yBDo8K6TQHxuNqN					
R_1FnezsijuXa61ux	2023-11-18T07:15:40-07:00					
R_1GV9w8dTK9pzIOs	R_3W3i4hfuakFvejn					
R_3Rmj1kJUIzcQ9UT	R_2vd0vKA7hbabhBj					
R_AsP9wnuzWi4ieAx	R_1jSPRhOZTyK4hnK					
R_3nkDJfzVR555rdY	R_1OZTzA3Xy6qdcC9					
R_2AGoCnS5YfMKuE9	R_1OZTzA3Xy6qdcC9					
R_2qwkWVMNVtjEukG	R_BJ5LE8MyTzADbgd					
R_787OBBwScu4LNE5	R_3EaNFqrbq5v079W					
R_a44N6R0zywBcZ2x	R_3gZ2HdaL6SvJZGK					
R_2D0K5OgemqnDHTk	R_s7n2izvxumGrzVv					
R_3QMoxc92KgFcRbi	R_2WvSrnKI2mSqIMQ					
R_AFYQmvYYMk276Jr	R_2WvSrnKI2mSqIMQ					
R_2zCmq06YuSn16U4	R_2WvSrnKI2mSqIMQ					
R_C7V85StPOvjGoSd	R_31jG3RU1RgPL4fu					
R_2cu6nexynnOnLhK	R_3ilrm3hNZOPd4lR					
R_3EuugVTQmGZQVfw	R_3ilrm3hNZOPd4lR					
R_3eavz6X2fSkNon1	R_1QLb1K7Mtahlqpn					
R_1JDVPaH8xKpG4Sh	R_269bJwFbmA2MDEm					
R_3nMGPuP87guoSFK	R_1IFumeUaq9dvvYs					
R_4ZKistJZENy85G1	R_3ISsv87BRFwiNuM					
R_RavdIYqkMgZSd8Z	R_bNJ9HIQeou0sEPD					
R_3nw1lFad9gTgTA4	R_vJk9qQ846yul0xb					
R_1LXs1ClaUBJcmbz	2023-11-16T05:27:04-07:00					
R_1osVqnOtE7WxluS	R_1dz7K4dOkW7L6uj					
R_10YkxsCYx52gcvk	R_1n0ioE5tilhzBzj					
R_1OUNmSfr2q2yBPL	R_1jVsSFPEH6Je9j9					
R_3lxkze4i1ArQIo8	R_vTDM5JJBf2gszEB					
R_29nLw7UiTUn0V0z	R_3ETgQPAchSePNu4					
R_1EimUZImVl60cQB	R_2BhcpJztkb7g8su					
R_2dAyhYnRRAdLLCH	R_2BhcpJztkb7g8su					
R_1nTPH2puxSzMHDY	R_2Pp68R2P2vA04AV					
R_3pl0LjswB7YQSqU	R_20TBcxlErYQXNqJ					
R_1M5R6Vv1YSaADKm	R_0pll2rzlrYzdRSh					
R_qxd02oMNU6FjL8t	R_u8lV4h54aHYA62J					
R_2afPTNncKgl1WRc	R_u8lV4h54aHYA62J					
R_2QVvW8d2cd7y33c	2023-11-15T00:14:31-07:00					
R_3Hw9bhjUdyuTCXk	R_1o5CEeALS42hPVq					
R_3qJV5C2ME779t4N	R_WiLN07BwA92A9XP					
R_1q9CEE4X3T57h5b	R_1gpBzyf6a4Vc7xn					
R_bC9zHmoy3iM9STv	R_2bIhwEGSKsKcwjG					
R_2ff9GLLdj30X2th	R_2QyawxR8tXhs7YN					
R_1i9h9rv3kksBscC	R_2qjxYLfEmdm7Gjn					
R_uftWFSMz5iPKkVz	R_3lVqmpGLEsMbnu0					
R_25AB4hwh6FEnJ2t	R_3FQimuokYiDZfut					
R_3st4EBqDop0w6jB	2023-11-14T15:30:57-07:00					
R_33BxyozUQzwaK6L	R_1GBsFZVP3gZhbgn					
R_Ad0IivSETAJj8J3	R_1KqbStmmUjMVzZd					
R_291ecDDlHTxZnIL	R_uspaWXydXcCoq2Z					
R_3HM6VRipuFDS8sz	R_2uBcXqabVgLfMHv					
R_2tx9K8TOpbMVnMr	R_3R9M9xbuiVn8bF1					
R_3Eg5AW3DfdgIMb9	R_C8jGpmDnjbLSLM5					
R_1CywDcQzNyWlwpx	R_2wSmELLmabKanPj					
R_1QfpMpD7WisXxVk	R_1l4PE1C2tRC4w7t					
R_3GfU78JHMZlaqJy	R_1PSklKUY6nE2ewv					
R_ZLbFWJnbY4Ybx6x	R_1JPbGOtqE6lt40Z					
R_3ssuegVJeocPcfc	R_2U9QQXmJ9gqVTjW					
R_3QGL0wmk3KOzGdU	2023-11-14T14:42:21-07:00					
R_3PmD8TW24kbE5lt	R_3RaUy2Qe7HruaIC					
R_1DBDw59Bs7U2SJe	R_3MyCLtlyiFglLd0					
R_3qx5IsozsaYDBIY	2023-11-14T14:33:25-07:00					
R_qIs52IcAXQw9NjH	R_31hlM0C31lEMJEe					
R_1JWUAJSp4DVmgY0	R_1P28mazBxl2HIo9					
R_1jVfIjhjt8ZSrQW	R_1P28mazBxl2HIo9					
R_1irGMqsDvor2Q77	R_3ezEreiNzjEIRHH					
R_1DHZgpSiR2LSKOI	R_1GIxuqE3kxroYgn					
R_1FQifgveF8pDLGz	R_eeUEWdgWeLpLKBr					
R_1pzjhpRkeVhMKM0	R_1rB08mrXNMrZaMx					
R_DTwdHrZSsBj9h85	R_2PjmrS3JUwkZbHA					
R_3LchjKQbVR3QJOi	R_1K72kq23ShCbIuG					
R_24NqkbG2Dg3xZOu	R_3R2Vj6qqnuZHbGJ					
R_3ffpokibHbO0ICy	R_3R2Vj6qqnuZHbGJ					
R_3D55qHTq6WcvPdk	R_10xCuMZ8fXSfyhw					
R_1QydzK2HXiNwG8A	R_24dY0TLlHLgicQb					
R_1IYnIsxESnAPPsx	R_1gGf1Lfm7EfCXyZ					
R_3MhXrkfB8BabkB3	R_12u5axsiyfldBw9					
R_3oL98T8eHYJWKok	R_9Wv6qLCQini7Rpn					
R_3RdzEAeNcIbfwTk	R_Tvbb5De62qnVJst					
R_3PuVPEaif2E6dux	R_ThG0wbwVxR5KMrT					
R_2uWE6Kzo0Nqc69s	R_25RD3tLV9HuJvbV					
R_28XNBYDxL6YQtMg	R_eEe3gxtnU0mPLLr					
R_1r3u1ORaJY67MJ4	R_2c1M14zB63XAciV					
R_s6VwHqQU1n22qnn	R_yIUxdWquUKf9hm1					
R_3QWfFtBM8n1vDI6	R_2atp6AWhIPjdptv					
R_1FFmZxPhLdKvcfv	R_1jZM6Wz2RtrHyEE					
R_1qVUkWiq40VSCfS	R_3DtqdyrMNKdStAp					
R_2XhDyEMipG5p8jD	R_sdlu3B4zQVBQrct					
R_3CDhAISQOPRXf1K	R_qVeWVUsQ3VCGKpb					
R_29rYl3cXFeQJy9l	2023-11-13T17:33:31-07:00					
R_1IH4WvU5ee50h6W	R_DbCHurP3y0r6cwh					
R_1gzKAkbHyiYFYSc	2023-11-13T17:22:07-07:00					
R_1ly2wEuO30DSO93	R_1hSStqVgB3gbgfw					
R_1K2vdilRDgdI66Z	2023-11-13T17:20:33-07:00					
R_23d8DbseqFPkfKW	R_1OJFppDMT9JJQaR					
R_XGqeFAV7oSOvpOp	R_1gGPGQGf98eQ74z					
R_1KeZrfa5QzKfnG6	R_1mtuZU0BdgJ4TEq					
R_2RV9IRJF8rDeTGf	R_sqkxhdFlLAAIBdD					
R_OwZEnzvhBwudVCN	R_3eldF34HjUxtDf5					
R_3iWIQgmuTaOvxaY	R_2CV7GCYnoYGFcJR					
R_3J4R9LrnkrWOglJ	R_237shISBkaysNOO					
R_zUPFH8sj2sBFMdj	R_sqkvV7n0xhMvsAN					
R_1CjedX2apMvbAuf	2023-11-13T17:09:47-07:00					
R_1Ft5Rs0ivlRzNjm	R_2BnPHrQkMeVAyl2					
R_3KVFQoZTIKzRD9K	R_2dDWvY97ggHWirT					
R_1DZQwXKQh8XZPhs	R_1mPhxSbdEOA7zjb					
R_2Sw35BUELyj4Orb	R_1dnn0Mde0P6G9AD					
R_1rP5fw9elrMaMSu	R_1pYFoB4ZoDODsLf					
R_1l5XUVuQQ9Ns9bv	R_3CIWMek8kbVoBSf					
R_PHA1QbpWRoWb23T	R_Ah2WOCanOrgsp1v					
R_1E4NJzk1Lln9KMn	R_2wmXxJF5Mm1VXQe					
R_0vqMEYBYyA6sgjD	R_2qCwG5TXDcwYWFu					
R_1mKlNddIGOJaCvj	R_UJWDVkxU4OZXoPf					
R_1PdS3zXpFkeKPIZ	R_3NRqrebQxx51S5Z					
R_3HiR1dE4bttYIL5	R_1jcBcxBxYC6mnyD					
R_r8BISXqlrRvbPTH	R_27wnhLN0fmhgCQJ					
R_Wx2el9tUrs9XtFD	R_3g1lSdT3IA45zeU					
R_3kjCiXN5DKsQPkZ	R_1CITtdG1CFSyWWj					
R_21pr95xa20WI1WJ	R_3frAoQ0eDDqNWfF					
R_3j1ngHF45Pk6Zkg	R_2B5QmQtJzmjGW68					
R_2EmhRILxGnRFnNf	R_1FM8DNU2I0DgMS8					
R_3D2CNBbGitc0mA3	R_25Rssxe9god2KIQ					
R_3fUVWFukR187D22	R_32Veoq95DhzATL3					
R_2s4tGCmzSS7Pt5a	R_2YchbnkHCOiJYlR					
R_2TsE7YkNax325sx	R_3lz8CbEldr1DXIx					
R_2rOTuSacP6P6r6d	R_r7npLknUfGrmzmx					
R_2rGwIFUza9Da2Zn	R_1kZlBOAw6B68Chm					
R_2wcuXxpiAg55smh	R_3PhN4jKJfBmsTIU					
R_1ThPCynD33j4vBv	2023-11-13T16:32:03-07:00					
R_UbBz6vXy47J1t8R	R_2Cm0IvnFyq9TY9u					
R_a4OdLkkQe5uaGyJ	R_XOrt1j5Mo3HTyGR					
R_1jZFBVlK8lwvXVS	R_2VIxjtfhvVbuV5R					
R_2YLAt9gbfWF9Yfb	R_2dLJBR6ejTR6cMt					
R_2cvVovR20SnG6l4	R_3g6nZ2qFNT30Ow2					
R_3IWhxxEcCr4Zt5d	R_TufIjGVcKnNOUet					
R_SBoyNx6vX8efF0R	R_2c2Dep59GfugjxP					
R_2Tt0rxJYgQvMXQ5	R_qDeflEtqO3pIsrT					
R_1qWhXpVvwKnM5ao	R_10vjmZwQaIPOTBo					
R_Pzn5XRpo3CGiSU9	R_qxwiGs6LmKBHeBr					
R_3CUEhcMSFX2CVZN	R_24kO71Ln1KBiy1t					
R_2y3Yubn074EfJgp	R_eh8tndMPkLD2Fwt					
R_3rMwVMkAp7V9ZX7	R_2tumB4xXjn5wsI4					
R_STzhm150LkqfmrT	R_1IJXlnK9FqIPKts					
R_2BtixAMrTo6HijC	R_3nCsySpPLxbS9U0					
R_27WGSaJAHxMVIz4	R_3PZfxwnTfTFmcqF					
R_3s6dQImABr383Jq	R_eQDDmvva8nMmFyN					
R_232fSMaT7LWisqk	R_1Cjd8LZdIpT8bY4					
R_1jEcQwyfmhvJuHn	R_3h0JIX5PQcOZiNI					
R_23VIXEqCmhlpquU	R_02OcN00WHfDZh3r					
R_2QKWoaBrGYFcH1G	R_1imTIfnpb3tseQ3					
R_R2nMFZcgSqMMn1D	R_2sJczQeRow0c7lL					
R_W7YAr2MjWrjwYA9	R_26an9S1gJ9YQFjZ					
R_3Rl72QzyPuo1wpo	R_dp7NuhFrCYd4yQN					
R_1MMw3QBIoU2z3wh	R_26l3HBH0g3820A4					
R_2R4YGtFAPGT1cCB	2023-11-13T16:14:04-07:00					
R_1JOpmF56xCUYuru	R_1rPRA5ENWOKHIzE					
R_2c8gZBlw3txy1dL	R_C990e3sNm45kSad					
R_6fbgH3hAuSayMuJ	R_3nUWH0vznYP0HoT					
R_1iedy2foQpe1F5F	R_SUKprwdGQ3sVcvT					
R_2dZnLBAqqE7ITJM	R_29iRwiLvtTzw7RB					
R_1CkA9pt6IIFMCOR	R_3GkXBPMMIL8HTxl					
R_UnZFliCXkRSh0bv	2023-11-13T16:09:51-07:00					
R_3Do1jAq6OxVLAAc	R_12aRpa52nqghhwX					
R_9YanftHio7RAxzP	R_es1qvluFsRaULct					
R_3qJyjzCEgnbnlC3	R_yCo8NKRG9aExH1v					
R_3JEprj5LeKBODwt	R_1GN9hCbLEIbgWxh					
R_T18GMewHGoBb9e1	R_3lS0x5EIHulLjOV					
R_Y4dvCwfKcFF28Bb	R_2zPm6mIsntCsdAL					
R_3prLDMWsRlJTMtk	R_3EROK0bfMQAC4Rw					
R_2XaFmRIf4eZ0MVO	R_2tF5DAQnGC6b9Le					
R_sIoHiL8V5MQMdUZ	R_1LTYEIcZK6PdEJc					
R_22IWCrATcAl7Wa5	R_3KTKk7QAnNCSvbJ					
R_tQ9uo5p07rHU18Z	R_3hAsO64MNsMNNQD					
R_C9aKOzD71UKbOH7	R_sMa6yn807RT9fcl					
R_9YVhAUqz3wQUpTb	R_sMa6yn807RT9fcl					
R_3PBPMaOML94ySqi	R_2c5csqimblqzZqu					
R_2TRxr86doWQDJRH	R_3RacDmJSBxLFunr					
R_AFHbmsmLeSDOjgR	R_ukzXn8BOU4Vg7EB					
R_1zUd3Hyozt6FioN	2023-11-13T16:00:21-07:00					
R_AMoe2VQ2F3Fdst3	R_DCD7ZBKpruawl8t					
R_2lqRol5LYVyM3qF	R_3OlAwsDl7L57lN9					
R_2Pd6zIoTxagzTWx	R_2Pp9wdd8Kgxkr0K					
R_3DwIr77NaGTMk9i	R_Admu2moyq8Qw3fj					
R_b26n44Etd1ULNNT	R_3lKw9f7eIOBqfIZ					
R_3gZpRY7RnZVNEag	R_cSiBfwFvA6nC3qF					
R_2BbY6J66X8Ny6DU	R_cSiBfwFvA6nC3qF					
R_2zUQSihCUac5Ola	R_cSiBfwFvA6nC3qF					
R_USDRupGf6A0Cat3	R_cSiBfwFvA6nC3qF					
R_DduaoIaf5Fs17cB	R_ub952F4SiGQOs4F					
R_3knfeY7DNXNLetq	2023-11-13T15:57:17-07:00					
R_tDwscLahjCVNwad	R_2xYsjUHE6jrD5dH					
R_27wG1MEQGoqmaT3	R_1MSYPegHeAA02B6					
R_3dKU9PKwtiXQx3r	R_3PuYIVdRajEPbef					
R_2waybLIKBKbcAsV	R_1JQJ6I1E5yciIZC					
R_PuLCL4ESbvQ6hKF	R_1IHoIdygvkpD7I5					
R_1CJdHJRvXh2JDIA	R_tEx4YsaKWWXgCLn					
R_3LhC2xJzqMpoBaB	R_6VFcvUNOniShgop					
R_1rNU6QABmOt0bzX	R_3QPZclBkVECWKQf					
R_2RQG0Bfg1ZFPlHz	R_2zbtKFjKKBLnZkO					
R_1pT0nFMLYYWXn6j	R_2YXJVb1AKafxqSU					
R_0V2UHdbj4eWxLCV	R_1GDoMS4MMRbH41o					
R_xupJju0Wn2sUIq5	R_22nRxlVLfM5brTw					
R_08JI0eQWyJrhLMt	2023-11-13T15:47:59-07:00					
R_3rP3l0H7L2agC5o	R_wNJPZUZFsmLg6pH					
R_8ubD836nVjDdc7T	2023-11-13T15:43:23-07:00					
R_9NMHlO8F4KHwlvX	R_3QKTtLxBqUOq10S					
R_20NKbCVGZaqJQMj	R_1qUoMMTLaekisgF					
R_297dpXgoUUebdxy	R_vZh7QJxInT9MQfv					
R_3PaRFg1Fdz2rcWW	R_26fZ3k0xEQBdOpm					
R_1Ytd8qcrossFFe1	2023-11-13T15:43:25-07:00					
R_31EtkjxvYRu3Vj1	R_2dXxiZphQdNKtCV					
R_WoCQsx6xb09PhoR	R_UJZHDUgMGj9PXmF					
R_3rTV02ayCGQg5Lc	R_31ELKUO1zurdt4k					
R_vuGJardKebNPPS9	R_2mJwR63hbXHgscp					
R_3posbe9v9RyJuCe	R_22JScaWYMinHAi8					
R_wYS1PvURvqcVklz	R_2U9myc97yScKDAy					
R_3hmdOPBFbHcmwk0	R_tMxS3DQyP4X2wO5					
R_2QDuX7edKhcYRWb	R_WwHd5alxXb4I5vH					
R_28SZYRjgxqaKJIe	R_2X6gRJbMoay0HUb					
R_33lF88cQm0kRalz	R_2QKfKeUPt32121D					
R_1AJFfNpzfgL6L7j	R_1EXVaumuFzmgguk					
R_6tHPCR4Qg0DoRFf	R_sNWl9sw29kY4Xdf					
R_2ruqm3JlXQ7xFta	R_ukb2qWCEL4iLl9n					
R_3G7BIoqFjzdQTcF	R_1IhdQlksPnUsVlw					
R_RqwJxjdO1LWBhGV	R_ukb2qWCEL4iLl9n					
R_3HttzFEcYa0HaCN	R_VVkieVF7LOZuwSd					
R_umqSqcQyN14gdmp	R_1gjTk0EzKG3HGbQ					
R_3hzlrGifibXdnua	2023-11-13T15:24:35-07:00					
R_UheWxCQ2hRCGHFT	R_27UuLTZGbdT9XFl					
R_WfHioFfkCj2oEmd	R_30w0ncs5by8VPtW					
R_12yRyJSH8cNGlcq	R_1pLrE1iiYKh0WCd					
R_1KweGuhAqNOGkyg	R_1pLrE1iiYKh0WCd					
R_eXLRJRPDwngxmLL	R_9S9nRAFGRPGznQB					
R_r73hw1Uhe7ZQ4lb	R_3sambf9MLcjvGwS					
R_UfkGVIccUj5tzot	R_24OUIGH364WeyCu					
R_bau5EfowyruDrSV	R_aWTsqpdHDkKoaqJ					
R_3E9GpT64oA2pq1k	2023-11-13T15:28:59-07:00					
R_CjLDM3gwJ2lIvBv	R_24OUIGH364WeyCu					
R_3NV3KRIdxUVislz	R_2YyNinQAxUNkCAD					
R_1gBmvmtuh0FxlIg	R_2aFaclPOW74PbzV					
R_1k1eW9eBDi5t6ld	R_2EnJSsBPpA3DsFl					
R_Q4eukh34YQ7yVYR	R_sT3KEho2zSBSM4F					
R_rqhGx5mSy9zAH1D	R_BFf4adZwfH0SFWx					
R_2pQQZZ6CovUnwOD	R_Ugw47MzWm0pTRKN					
R_22Sl89t3kdRrkyh	R_WAGm6oo82COUsVz					
R_11d13u7kVBpx6D9	R_269nXQ1O6tb1ta1					
R_22XoGJ3k6Xo8sfN	R_3s0opEVrXtYSIL2					
R_233n6fUqQ1c479i	R_1mw07DbefbMUPtN					
R_3O0RPavaTCzqWbs	2023-11-13T15:19:46-07:00					
R_2SuFkMNmqlLNmVk	R_0oFMe4xQlFUWmqd					
R_UhzoeacwIiiZENb	R_2zO0RxPiX4I7o1s					
R_vDI1SVt4VuFR0xr	2023-11-13T15:12:20-07:00					
R_3iPBBpdsOzkGzr1	R_3wSpJHXdu4RKr2V					
R_abibrkizA9EmqAN	R_x0fykeSBxBF0sTf					
R_3RyoyXWWv4aabov	R_3iyhAsn652WGI12					
R_1nT6Hw1MIsSZ596	R_1nTsOm0l8GQGQ5q					
R_20Pa3it7lMcZhtQ	R_2YfFOCf23uNxvt8					
R_11WRsKRmDJnmEz3	R_BAh4KiJxpd4pV05					
R_2zGS9mwgAj3L8Ym	R_30cnPidclW1irWC					
R_2fCAPlCqveQ1hCZ	R_AijrSMskNbYDtvz					
R_1OqpezzahRwFCos	R_1FrMZGWxZZtziB8					
R_2WMZgbSys0A4Ofp	R_3QQ7aT9wTDAw3iY					
R_3oZL0pMUG7Qhdp9	R_3g0AbHJxdNL4jHq					
R_2QYsO1ZlZkmUvJT	R_1mDeWLekC625wiM					
R_RLfXxgRku98G7fP	R_sHAW5ceNX8ejQpr					
R_3qvP9aHyHPDINgQ	R_3s1tdDg7zom402y					
R_sNeez0JteFpPnhL	R_3F2jfo5GSvwJssy					
R_1Kg1UT5rcj6HarI	R_2D1hiBFM64zwaPq					
R_10DfaiE1HLmjPq0	R_2rDxzOnoPnrhZJI					
R_29p31kb4mxQQU0l	R_10vpsDdu6Emtrxn					
R_DUIwQj20rFqcNk5	R_1P8dM3SBcfjxWsi					
R_3NBQoFEauvUYCvn	R_1o5VVwxzpZGaNMF					
R_1laEEj78aBcbHiO	2023-11-13T14:37:08-07:00					
R_UrpyCoIRCh5aQfL	R_Rhrnrk9n3lUgMO5					
R_3MFJs4u8b8OrwNA	R_2VCRi0iAX4sX0li					
R_2s4t3K1xzYug2UJ	R_1rAgWDngDRFU64e					
R_1mVLjxUl5NuVgRn	R_yEeP53UCtcJOxNv					
R_z7jGfK40guYR7kR	R_3PNp4s7Fi2Eo0iW					
R_2RVcco5LFLsqSsP	R_2ZDfCExAOeUSQOD					
R_1gcl8NEI8ag8rmg	R_31zNAzqRwwKnI1B					
R_3OqbYMnEefvHcTi	R_4TIdkLiWCo17Iit					
R_3j3EvU7RsHyDxpx	R_4TIdkLiWCo17Iit					
R_1hFra7JYAC1OeY2	R_28FYsC7VWRz4kve					
R_10uTm4NcDrLCtFx	R_0e57M0SCnGSPk3L					
R_1GQDJH2aCBb6tlZ	R_3HXrLZLiYTOK78G					
R_2eOm2xHMA6cqmFk	R_3Jbf4dMRj6imQZk					
R_6kV9gEShl2qWakN	R_3Jbf4dMRj6imQZk					
R_0CXhKQzDc81TiyB	R_2DUeSF70OAUkRP0					
R_1Cl4k5A1gtTwrxy	R_263YirZaApt7K73					
R_1nSCqwda4LpgHlk	R_12a0Vbg0myZJwDG					
R_2EsnNbo89S4EeHl	R_12a0Vbg0myZJwDG					
R_2wT7fyootfgrJN4	R_12a0Vbg0myZJwDG					
R_zSAx2DH3DE5WH4t	R_3iWlktbPUZEFIsH					
R_21cEr39R9G5bgRt	R_3oTplFchas1UVNh					
R_12RajxcQX1OxQLA	R_3NEx8L5wknGSBae					
R_1DqklOi62gKqXMb	R_21cEr39R9G5bgRt					
R_3lKtoJY7dCnyof7	2023-11-12T14:49:17-07:00					
R_1feHdBkPSDFHDgx	2023-11-12T14:49:17-07:00					
R_ABUFwic839026MV	R_3EPXdxHUi2Vl0OZ					
R_25GU693Lgy3d4fP	R_8wT3w2KE7vibmuZ					
R_1Ld6grLEGjnipoA	R_8wT3w2KE7vibmuZ					
R_31iqieL4JraJT2G	R_z7jGfK40guYR7kR					
R_ZgiJSDPtR8iAarf	R_1laEEj78aBcbHiO					
R_3oTplFchas1UVNh	R_1XJhmXGAHKUBLCV					
R_50bc6jOItCDwOIx	R_RLfXxgRku98G7fP					
R_2ATgndgNwdRiOST	R_2QYsO1ZlZkmUvJT					
R_2E00piciEjHiZe6	R_1FfuaNEhs66eOfl					
R_26lhdynIhCvL66T	R_3fZBWKNkSfW3fe4					
R_263YirZaApt7K73	R_3fZBWKNkSfW3fe4					
R_3lYuGKU9TkvTQjn	2023-11-11T21:31:02-07:00					
R_3rUjtOeS3ZtJ1Os	R_3iPBBpdsOzkGzr1					
R_eG9IXshO6f0hOaR	R_11d13u7kVBpx6D9					
R_1PUIFo0dOBPTGlS	R_7aHhJIELtw9UBCF					
R_3jVutrgzcfstJ77	R_22Sl89t3kdRrkyh					
R_p4Oycq6DxLNuNIl	R_1k1eW9eBDi5t6ld					
R_3HXrLZLiYTOK78G	R_2E7hhFeIeQhEHzw					
R_26hBZN6MAmikADP	R_CjLDM3gwJ2lIvBv					
R_2dX74ewblmlCTQD	R_UfkGVIccUj5tzot					
R_3L4Ov6sqRkUKj9e	R_WfHioFfkCj2oEmd					
R_2TRvNHM56oawabg	R_1Hos4nFb5mjWd9z					
R_2xz0fB7s6e6Vz8W	R_6tHPCR4Qg0DoRFf					
R_0e57M0SCnGSPk3L	R_TowdRzbzEfSVYqd					
R_2waDz3C8tU2GXv4	R_28SZYRjgxqaKJIe					
R_3DneQwNDyjM3KOC	R_8ubD836nVjDdc7T					
R_1FkxvOO0q54JQs8	R_2YFDfpxSYXOpmqv					
R_1IcsBStwd5N9l1s	R_PuLCL4ESbvQ6hKF					
R_3Ok3GgxzK91RQJ8	2023-11-10T13:15:58-07:00					
R_3s4ds2YWkJajMGK	R_2zUQSihCUac5Ola					
R_XBuBRCWjEsRrbfX	R_3DwIr77NaGTMk9i					
R_28FYsC7VWRz4kve	2023-11-10T12:55:19-07:00					
R_2To7CMPHg037lbs	2023-11-10T12:49:35-07:00					
R_2v5R021W3SbNdGP	2023-11-10T12:49:35-07:00					
R_2YQla1DyIJLQVrp	R_3JEprj5LeKBODwt					
R_ST1IZPOytDhbZ1T	R_1CkA9pt6IIFMCOR					
R_2CvKrXMc8KMOPy3	R_3g1Um398Topfmv9					
R_2pVnb9yOQqFuFvB	R_23VIXEqCmhlpquU					
R_2CcSl6NTmDW1LK2	R_3Hh84avZqk1YBOy					
R_zfh8CclJwAINlF7	R_27EFN692FV94or8					
R_10GYBQSZmWDMSAx	R_27EFN692FV94or8					
R_2S1W4h2t5dTfdck	R_TjA8pR50DOa766d					
R_110lWnLl5hTmO53	R_STzhm150LkqfmrT					
R_3HCdejyBwQJLClN	R_2f7B4e7ziRnhINn					
R_24hFxB2ISINhEZo	R_1qWhXpVvwKnM5ao					
R_3ERy9HpxSFZIlZw	R_2y3Yubn074EfJgp					
R_XzHleYU10REUFWN	R_2YLAt9gbfWF9Yfb					
R_1EdjuZaLbjTfpJ5	R_2rGwIFUza9Da2Zn					
R_d51xCpGOgZl4nU5	R_2s4tGCmzSS7Pt5a					
R_T1K84tq55nLcs2B	R_3soaieQF7OTNIkG					
R_9tcDbX4KwcyxkDD	R_2ZHAROudMUlVVQ6					
R_1NEB0XAEmwwJ7lL	2023-11-10T11:21:20-07:00					
R_2vbG48sHwaw1TdL	R_1FFzAssi55frvOh					
R_3GBLZ4vhS3FHcdG	R_3khLEuy1cym2N44					
R_3OXSzQU0Rm4iuk1	R_3iWIQgmuTaOvxaY					
R_2S2m3pp1trG1H1Y	R_23d8DbseqFPkfKW					
R_2uZEUvQazjwhorz	R_1gUB314PZ8HUvWg					
R_2TXfjz00IgOWBc8	R_2uWE6Kzo0Nqc69s					
R_1oGf9uN1rH9uNMy	R_1IYnIsxESnAPPsx					
R_31zNAzqRwwKnI1B	R_3rHBgqBdaiGc0KI					
R_3hB0FiS7O1UnHX5	R_DTwdHrZSsBj9h85					
R_2tyhJavAZIchsCf	2023-11-08T18:33:37-07:00					
R_1guMnury9j7TgKq	2023-11-08T18:33:37-07:00					
R_1DILqW2e6FpfKli	R_AKX5RIw9GGakpKV					
R_2YX0yNmsZc3sQ3W	R_8itYi63NynUvoLn					
R_yEHtoLxYbG2rAOd	R_xz1puNMIJhFXR3r					
R_290pYHGbF28PsAa	R_xz1puNMIJhFXR3r					
R_2R81OVwv57dhShW	R_2dgSYXlZaBop5WN					
R_2ZDfCExAOeUSQOD	R_1irGMqsDvor2Q77					
R_2v66vMZJwmG68bJ	R_1lhpyP58adNtJH1					
R_yEeP53UCtcJOxNv	R_2v816e7RSb9rLk1					
R_DS1n8ehAMlek3EB	R_1odOh4SJ7tzKPpm					
R_9STOohtsavbO1vX	R_291ecDDlHTxZnIL					
R_DMIu4k53KBcDllL	R_bC9zHmoy3iM9STv					
R_3fr5QUSRvY64aQ4	R_1CywDcQzNyWlwpx					
R_DAmq0iCBXEj1taV	R_3qJV5C2ME779t4N					
R_TgRATEqeretglIR	R_ZLbFWJnbY4Ybx6x					
R_3fJcV0us62btjPK	R_2afPTNncKgl1WRc					
R_Rhrnrk9n3lUgMO5	R_2pXfy7rKV0jJAd6					
R_1NCWOIPm8nQ7I1p	2023-11-07T07:38:54-07:00					
R_2VCRi0iAX4sX0li	R_RIdKzFGXQ4QRnY5					
R_2QXpi49PFrfch4Z	2023-11-03T08:55:14-06:00					
R_2QLoc4saVIxMEGI	2023-11-03T08:58:07-06:00					
R_3JgBmGEP1nqWvdf	R_27DL5fLnzgDkXyo					
R_1f3YRftlWvKwepP	R_3Vo5wDdkBl6Z9u1					
R_12igPHBRc5kwXEF	R_4V1SExQB8V3DCr7					
R_1P8dM3SBcfjxWsi	R_RavdIYqkMgZSd8Z					
R_2ziS0ZDgSI1a0nv	R_2uP8XKrH2TScdJT					
R_3qBQ70lDJoiDT5y	R_3nMGPuP87guoSFK					
R_1NaY0KpnXjMhSFO	R_suonPCi1noix0Od					
R_4H4IIztOeoqKpLb	R_2zCmq06YuSn16U4					
R_1rAgWDngDRFU64e	R_2cu6nexynnOnLhK					
R_2qeCSCjkFZyFq39	R_2D0K5OgemqnDHTk					
R_2xUVN75URlTkfZw	R_1mIQhLzKzH06wZc					
R_3Mm5OQNPRAwowwZ	R_1eWeuV99F4fxYvO					
R_33j4aJ4m7yJEMc3	2023-11-02T19:10:27-06:00					
R_BJ8pDzfHFZewHwl	R_zcj5lCHi1uRUjpn					
R_1hKeAcltcZ2lKpW	R_2S8hEFTOGuX106G					
R_12gnmJy93NZEsr1	R_xu9yzSBJYVAGVGx					
R_2D1hiBFM64zwaPq	R_xu9yzSBJYVAGVGx					
R_2QsoUiiV97MT3ZZ	R_1ISkXfhk0REcOV0					
R_3j0cVZT7aTsvZaN	testSam3					
R_3F2jfo5GSvwJssy	R_1JQuibEuYpAnU5c					
R_242uq72w1ESgLJz	R_2Qh2KGfz1WhpCWT					
R_28Tm2JI79j7lIBn	816088					
R_BKgw8mtpsFRuwOB	610464					
R_pyNveVZl5YAwmnn	WF187856					
R_1cSmPOYxrQJcWKk	WF177440					
R_1r1xwGDgKoR9pIU	WF946479					
R_2SdF1CoyEft4XHh	WF334294					
R_1Kxm9vKxTToOCvV	WF56571					
R_2Rb2BtTbl2dYdx1	WF182543					
R_2sRBoB448fPnv2a	WF80955					
R_TuNhS0cUQ13N041	WF271483					
R_p5I6VnIZ4oiKqEV	WF228873					
R_3QQ7aT9wTDAw3iY	WF878189					
R_V3dPkYUeVGiL9nz	WF917036					
R_3DwlFr2wlICy5oX	WF521457					
R_2e5a6Zr4jzw39ro	WF60941					
R_8nUJ22oF4LgFZpD	TESTING					
R_2QLCDRJafWmOq5w	WF296966					
R_3lJRRMd6ZxmJbeI	WF245158					
R_10vpsDdu6Emtrxn	WF788428					
R_AijrSMskNbYDtvz	WF629320					
R_3RsEYKKmeBaRSLc	WF590939					
R_3JyeDluqsYfUcnf	WF347487					
R_2f1H6Cww2r5BzV1	WF890627					
R_1KoIpWUpZcH6Pml	WF790450					
R_sMgHKpLDxpstuY9	WF98421					
R_25YMFJ7BL91zzkL	WF353740					
R_aXBfPAT8CQst1aV	WF464710					
R_R4UjLywy56nhiEx	WF835906					
R_w1uOktolabncavD	WF575494					
R_10ZCvB0PV0VdY3h	WF885627					
R_3sc5HNFbksBWPz6	WF262742					
R_1kZbZQTpzMvCctP	WF323107					
R_2bKujeVf2KP0h67	WF219390					
R_30cnPidclW1irWC	WF482407					
R_RIB7F9QHdYDznLH	WF987047					
R_1QnFVQyyANiHltB	WF332280					
R_3g13yr6fjUnipVM	WF203545					
R_3Rilnnw1VpPE0kp	WF389996					
R_xAzS5lkpLtkiiAN	WF543950					
R_2dQ6CoRugQjALgI	WF348902					
R_25H2YnQSR3FGde3	WF974730					
R_e2La2IdVmxth853	WF643554					
R_UW7dU6NLocyaCtj	WF382137					
R_BAh4KiJxpd4pV05	WF745601					
R_295gfjNG5f2EtHy	WF378555					
R_T0jwuSFVLs4aJBD	WF170978					
R_3iyhAsn652WGI12	WF948594					
R_BLG87oehpk1cspj	WF863654					
R_1mdUL6W6NZFqZhV	WF127227					
R_aVlQFIcDWv7wjM5	WF654671					
R_2WTZN79sm3YxoQ4	WF281223					
R_2VexGmtiC1ngAHe	WF261565					
R_1GCRzZeC5cAghLh	WF11766					
R_2t4Zq4AYJmRcaFk	WF487419					
R_1KqI05zgNNqeLxB	WF384697					
R_BFzq9AMUTFCmzUl	WF959103					
R_1DATbQv1eCyhi9j	WF614152					
R_3kNWZQACEvoMRTH	WF927391					
R_1FrMZGWxZZtziB8	WF25696					
R_ONMeV1GJFontpwl	WF76821					
R_pE6oeoiRYxysa77	P2-32					
R_4Gus6pB5CSV8J57	P2-29					
R_2YfFOCf23uNxvt8	testUserDeleteMe					
R_2EyGZqUpK2KyeS0	WF179577					
R_brXh9FvRN6yoFz3	WF780966					
R_1JPl0HrIVWRPJPL	WF202023					
R_erDOGYt2KRQxsRz	WF682636					
R_3rOKksKxp8pAoDR	WF655801					
R_2YYtA6Ggyi3u3rx	WF254296					
R_1r24hvWPOi8xsy9	samTestUser					
R_2VaSUdyxKPFjJmQ	testingIDImport					
R_2uD4AGOxOXlmhrp	WF942017					
R_RQgtd1NthqlUUU1	WF267007					
R_2S2F7qC7RyfgKeQ	testUser6					
R_1nTsOm0l8GQGQ5q	testUser4					
R_269nXQ1O6tb1ta1	testUser2					
R_AGV4xO6DXpp9I1H	testUser2					
R_33xJ9GN0EaEAc7k	testUser1					
R_26gr3uCmXLlTY6G	"testing, please ignore"					
R_2aEayh3ALwP4JZD	1437					
R_dp5YAorbDfQKEUx	3320					
R_28TJJSQbGPMzSGn	asdf					
R_3wSpJHXdu4RKr2V	testuser					
R_Ugw47MzWm0pTRKN	test					
R_1q590ZMtX7avbFS	hi there					
R_26buXzBIVMnOqm9	3218					
R_1mOX2k2QYn35AQx	i					
R_3hGRxQtP5S3aa9X	o					
R_1QrTU6R84jJ4Bfk	9					
R_AKSONsx8Lqo48PD	dfgh					
R_3PXlkBw5AGHdsdh	asdf					
R_2fqwAIoGsIC8SbK	testUser19					
R_2aFaclPOW74PbzV	655656					
R_0P1AEOsoijXnXLr	hello there					
R_2YyNinQAxUNkCAD	61623132					
R_2P5AnwkISf97WgZ	TestUser2					
R_21HecXtprDyXz57	TestUser1					
R_xznhqqPnXuEpiFj						
R_sT3KEho2zSBSM4F						
R_3qpA6p4eOK3f8Nc						
R_2D2Ep2fNcGZiNOp						
R_3QFylzZenFCZbs2						
R_qWVa4uGxESZzdMR						
R_2zO0RxPiX4I7o1s						
R_1Qsd6rQzCsuq1H8						
R_12flghWzJqCzN1H						
R_3HumjtGPNI8lEaA						
R_30w0ncs5by8VPtW						
R_3NCckXfiR1FRq9t						
R_3s0opEVrXtYSIL2						
R_6ybG3MkBq2qc2Pv						
R_2wtpC6Yb1a3CwVD						
R_9S9nRAFGRPGznQB						
R_25z4884Xpv8oH44						
R_3FIogSbErwFO39k						
R_UQG0scmI3rVdq6t						
R_ptLSEF0yzSjMFln						
R_WAGm6oo82COUsVz						
R_2CNEVU4nCEKGnu7						
R_3QQQw26Ih8SHIIr						
R_3M41KWmjpEvVjkr						
R_3sambf9MLcjvGwS						
R_2ZU44XXNScxtS3m						
R_1mmXaoHdZmRL3uE						
R_9H3PJXXLT07oDJf						
R_2R9Wbj8AUYKLtKH						
R_2tkYzcaCPnqkenO						
R_27UuLTZGbdT9XFl						
R_3kdhEX24xUGTJQ5						
R_2TMNkuBhY12YdIe						
R_2qyrbCURm0NCZuE						
R_2VpVEBicDA4Jo6X						
R_2CNz57pgg9vOMFV						
R_1pLrE1iiYKh0WCd						
R_3gZM1AM3WDc8DTt						
R_11ZU41OOxugQfhm						
R_1Ic1YdxaaAXYUne						
R_AoqHpshA7CpVx4Z						
R_2v2f2BEuPyTNDQE						
R_2X6gRJbMoay0HUb						
R_12rpcZmFF3X2jIP						
R_3NX9hWGNToDFbEB						
R_ywMtvBEmfnWWwud						
R_9Ge41uOxDqslgd3						
R_1ruZbgL4uI0MEmT						
R_30wuD79noZOJg0d						
R_1IhdQlksPnUsVlw						
R_3NWZb7LGgYIQoUr						
R_41Rm5kojuzcv8Rz						
R_OD0knxDmtyf9caZ						
R_2UW9DlJ2EWWHm3d						
R_1KwKNFGG6nB5Ep3						
R_3CSywEzUXOthG4p						
R_VVkieVF7LOZuwSd						
R_3PEJcKcTp0lefIT						
R_1jeyQeJ0DfpRXAm						
R_WwHd5alxXb4I5vH						
R_1EXVaumuFzmgguk						
R_24OUIGH364WeyCu						
R_1Gv2P8xit6U4mSJ						
R_1rrakz15eLcpj0u						
R_2QKfKeUPt32121D						
R_11cKT1msGy7YVPp						
R_1FOPQUdHNnSxjKs						
R_1n1uuyrq8AM8AEP						
R_cAdh3FHjR824nqp						
R_1Nqflk8epTQVo0w						
R_2q1Vsz0Rt70jXka						
R_3QKTtLxBqUOq10S						
R_1l4rLrqyptTnSqD						
R_vZh7QJxInT9MQfv						
R_29hVYP0nlWyl1s0						
R_1hKEJkmZgGjAspD						
R_1EaKjxo7zVS5zGe						
R_22JScaWYMinHAi8						
R_2VDscFNqmBYNsm0						
R_22nRxlVLfM5brTw						
R_3NJqSGNl6JdD88L						
R_tRLyKcCInt9b2Wl						
R_2dKIRwiGtaggK6w						
R_3hGZZ9trVHAakiH						
R_2Vxxgx7HxJqOTTI						
R_u50hylkBAuLyUVP						
R_2a8GjVb80xB9mKC						
R_1mrcQeT3o37KSQY						
R_2WZuW45N4v0jTXP						
R_2atU7dRsjUxRbTd						
R_3F3yRYoYkm2K4it						
R_2TYMT4hJO9gAEST						
R_3D1MQZlH0m7Fu5t						
R_2AMvWAunmNgDkPU						
R_2R84NvBah75ihIa						
R_1q8apGniF882Tce						
R_3EM4FIUpmoMCdhS						
R_1eWVEiGT6jDqzpr						
R_xFqhUtxaEU1d9zX						
R_1jWf6vmfD5dXjDY						
R_3NQyhxVod9tHcpv						
R_2v2ifNrhu33DOnZ						
R_2QomQCYlaLh3Xxs						
R_2XbOO74qKkXsXiM						
R_3kb60x3rrWzXdDV						
R_2Ys040ciqQGoCR2						
R_10C6UVzW6DIN0iA						
R_xh0OcGjiOwnuNIl						
R_2AL29gn5JeRqsMQ						
R_3PLGT9aBUTfFLEg						
R_3POi9BY1la3ke0x						
R_2usabhL7H8rU6Fi						
R_tEx4YsaKWWXgCLn						
R_3iwMkh6ms9IIou9						
R_3qwjZELtNnX6wYX						
R_3FR4gh20TLJNMxf						
R_WdFCP5wj4TmKPlf						
R_1gbD2T03Bzs1we1						
R_1F2kMSTy7P82ZUB						
R_6VFcvUNOniShgop						
R_T7zh7taKuOFLZKh						
R_3fjW6GYPoRvKVlv						
R_OPtmVzr0w3bGwBb						
R_3NX9MRUHJkq9mJM						
R_2zbtKFjKKBLnZkO						
R_1ooligT19dIsrtE						
R_31o6KVCXgkcf3Ju						
R_3kO1qrNMJFilIrr						
R_2TIetBpRLHL1elp						
R_1H6ITuSo5UDnqpZ						
R_V2nIGuHdzai3VDz						
R_3UHMf06VEBzPGi5						
R_1q1ZYOcf08gQy7K						
R_vuf0tpjO3Wb4vwR						
R_26fZ3k0xEQBdOpm						
R_2QJNElBJHEPmf0P						
R_27Up4c0IDZAVltI						
R_2TMqNBmMNJvzq98						
R_1q7MvnJw42nUBlS						
R_BVCgdEuoamqQBpv						
R_3QPZclBkVECWKQf						
R_SNxYrHUapDKoZt7						
R_1LYvGbAND6lLwoj						
R_22mNDIUcj0a4KJU						
R_ub952F4SiGQOs4F						
R_RfpmsY9ERZCx7uF						
R_12R9YDEvizgcgOf						
R_1BQ3epiGOYzSwN7						
R_2X1A32MNHqj5wiG						
R_3M6BuLZiPE0cZeZ						
R_29v2aBySYUOEmlj						
R_Admu2moyq8Qw3fj						
R_2Se40hMB3Nf3qX9						
R_1MKjbF9g54EV2ug						
R_3ijVEkGQ5fooKEH						
R_2s1J8Hx0ANQ9day						
R_3HIi3lQGUDGrqmM						
R_3n26njyp2lmTWAj						
R_ukzXn8BOU4Vg7EB						
R_3dST16KKQB09WQz						
R_3PMHYWHcUFSiymU						
R_1eRkG8pEsNQJsAd						
R_etSwdfF2JzNTnc5						
R_abjw0ZtxX44fGud						
R_28Te07ARL5nLHyq						
R_3IWBJri5L8hQh5C						
R_3HjlJppSR1w589a						
R_1QLvt9bAvQNZFeX						
R_vSr0N2uM95qQe6R						
R_2rqCkDFxvE685ot						
R_xsmXqzbMhpS6d45						
R_OcCmD3PXr8kk32p						
R_3RlLUrQmRWIJKUr						
R_9zzhVzpbS63WCWZ						
R_2xYsjUHE6jrD5dH						
R_2wohCuBxcw4tdNI						
R_3iQdGppprI7Th9b						
R_2Pp9wdd8Kgxkr0K						
R_2YfiiCpY3otDCsk						
R_3PuYIVdRajEPbef						
R_2pQzHhwfdflVSY4						
R_T6DHWlxc54ecLex						
R_sNDhs7hAwxld76F						
R_1dyINrHzHloMiWX						
R_2b41CwcP024WBEq						
R_3KTKk7QAnNCSvbJ						
R_cSiBfwFvA6nC3qF						
R_2t0bM64YcTSgncR						
R_24jTA6f7wy2T4Pl						
R_39Of4OREYTmtMFX						
R_1BRYc4rBcq2x5Eb						
R_2c5csqimblqzZqu						
R_31Zr4WKN9Yaci4J						
R_2D7g7vb5aVTEfbo						
R_21yKstf1dyN2rFQ						
R_3lKw9f7eIOBqfIZ						
R_vpKkv0gntiRBgiZ						
R_sMa6yn807RT9fcl						
R_2B9ijLWMA22BvZJ						
R_3dNiiRx9hU49XbY						
R_2Tq7rn26YcJEgpA						
R_2tF5DAQnGC6b9Le						
R_1NaYshhsNomDI0U						
R_1mRFt7XrM3kOZQt						
R_ptGLnSMPtMuE5xf						
R_21GJcwArOlXK79A						
R_2zdml4tb0fd50lA						
R_2talptrdkwx9Qa6						
R_72pMrZUF0PoHErf						
R_1NfgB4dU01oMliz						
R_2AHFWPNoTnssOvJ						
R_2zPm6mIsntCsdAL						
R_1NbiqBzh4r1VFVr						
R_2t9vZJIXnut2lzg						
R_exj7MWAZUdiMVFL						
R_2D6xJcsjxO4Up9x						
R_DePBIlIthwoF8Pf						
R_2xJeam2IX2myH4m						
R_AjTHxdxFYJv7RkZ						
R_2amHyQfrGiTzNhZ						
R_27DptGDuvcNVBbL						
R_1GN9hCbLEIbgWxh						
R_3m4tPxHbVKoAeSw						
R_3qmsWb779ABtHbg						
R_sGRddPkLECkof8l						
R_2rU59ugM14ys8wS						
R_1LTYEIcZK6PdEJc						
R_2dDP6fBqtkkjbtW						
R_1n8CjxjrfudDmDb						
R_12FvpDkAn3liSlx						
R_6SfEDeNyRgdCtd7						
R_yCo8NKRG9aExH1v						
R_1qh0WcygjVkPJXr						
R_3OlAwsDl7L57lN9						
R_273jnbyw2Ri2Yfo						
R_O22Qvx95Zyvo4Ip						
R_UJZHDUgMGj9PXmF						
R_3lS0x5EIHulLjOV						
R_1cYYRl6psFQeRwV						
R_2qlUqZtL3VbJWGT						
R_3qOlvRR6O45L5En						
R_3nlx4TGzxpmF8DD						
R_2ZJ6IiUAFsTRJui						
R_2Xd3KRfaUHUevVZ						
R_6KDlnsBO6IaLUad						
R_2YFGi45s0Vwtv4T						
R_29oAWmg8mVAg4i6						
R_YSkIWCI5AWvxeWl						
R_sTocpuLMiSYJ31v						
R_SNSUWWqVE87YCMV						
R_3qs5YVDeM3rhU6Q						
R_1jJ1IKHI6caedSi						
R_3EbEjYBblMDkCyC						
R_DCD7ZBKpruawl8t						
R_3lFg660PPmOx3JN						
R_C990e3sNm45kSad						
R_yJDumklqc0DeeGt						
R_1j8pa5HmnPigsGn						
R_2S6oIAs00MpeOkk						
R_2TmEX8WOAZBPIJu						
R_OPawDrASTJlwLq9						
R_28TInq9BmP6LHOp						
R_56m811RksYf0H1D						
R_2RXiRiomQWcGMCs						
R_es1qvluFsRaULct						
R_2bUBjx1W6fdABio						
R_332wDUdsgGVePlX						
R_1DMtUACjcpEC1GS						
R_vPPGkMLqvr7EPO9						
R_2YM6HFaiNmdLtN5						
R_2ZPPvX2uANBAkAE						
R_2dBcRLz1Ho16n1i						
R_tMxS3DQyP4X2wO5						
R_2CjGsQPXWNusZ1S						
R_10DyFrUiBicJ39F						
R_dp7NuhFrCYd4yQN						
R_2967UJnI7SP78MA						
R_33DXStf1Fz2txl5						
R_1LzFMKebtbuUvLI						
R_2E4V7J4L3d7DeG4						
R_2uNxq0HEvzrZn4L						
R_TvGJKtMgdvs0bKh						
R_1DTtawVGzUpQLW1						
R_2WV9XXswtfAqTyK						
R_1rPRA5ENWOKHIzE						
R_2E61KabpaELrkzb						
R_26l3HBH0g3820A4						
R_02OcN00WHfDZh3r						
R_2wudinuXL9rlYXM						
R_23eKLdGEY93ycI4						
R_9B6WXq07uXOXmWR						
R_d5L5A3WwBrC5tAZ						
R_emxbbENA67Przcl						
R_2Uat5NymEjqHKOo						
R_1jU7dlKw5gSrpxm						
R_2TRxaoGp8V4Onys						
R_2upHI90p42Curm1						
R_6zpIrhpTO417gJ3						
R_bl5QS3Ggmv47aYF						
R_BDiAsDeYlvJLMkN						
R_2OHDzWkw11z7uzS						
R_1Cjd8LZdIpT8bY4						
R_yqcUZXqoaIikPxT						
R_3Ms8jjLvcAwbRkl						
R_1qh3Amv8nvlDyS6						
R_2f0tilozE3bLE51						
R_24kO71Ln1KBiy1t						
R_qDeflEtqO3pIsrT						
R_2U6gfevbMgkDvKM						
R_2ya8U6J908lfvvI						
R_s6dk3y4WW8UECFX						
R_3m7XHRJtHlj8haF						
R_1rMvnBaBKif1qDx						
R_30lafpdlQpSepXo						
R_1pu0GXFSgeqrJEd						
R_0rFIjWWUabClemt						
R_3ISNVIr9FNybEY2						
R_1oAd5pk1pK0Q19F						
R_1rxhq83CJePOase						
R_1imTIfnpb3tseQ3						
R_22ylm455YXdmLTr						
R_2qaQJxX8pRY7ds3						
R_8bKH3hvCyCPhoMp						
R_2dLJBR6ejTR6cMt						
R_3I60KuXLc3NXRsi						
R_XOrt1j5Mo3HTyGR						
R_2tb7Jl2WNW1Jhmx						
R_cP90jHW11zfvwYx						
R_9uxGwPjRB7J5ZsZ						
R_3IauMfS2HvpP48t						
R_2Qm7qmaqBMz3fkK						
R_1E6v46DmHSuLkvu						
R_1OCebtsgLExRk9u						
R_tRmzVQJewDoE609						
R_10vjmZwQaIPOTBo						
R_32L65uwDUaGU0PF						
R_ZmK51uLIdtf2LWV						
R_3j6AvG1nbNOatDU						
R_b3Lsf6MqFptwfdL						
R_3h0JIX5PQcOZiNI						
R_1Lopi6QEoGTPMmM						
R_2Ym71wVrPSlfsQO						
R_bxrbU9quHcMBZPr						
R_2Bhul5slkycVaR1						
R_2qyNkvFz1s4mkxO						
R_25MzmkCdm8B6xsT						
R_dnHMWdBpV07jnPP						
R_41rLpPwf70HppZL						
R_bKRXuKccLgVe5vb						
R_3JL6mGJx2FPRaRA						
R_2dQHhgpliDPmtBt						
R_29bFTBjgtvgJhdU						
R_Rk8AoJS7xxTKJd7						
R_3OoHXcds5tf0x9D						
R_10HR1pLeqxADjBG						
R_aXmN8KET5N9bn5n						
R_1Eb6Dro8ZqUQ916						
R_PFLOv4PCDY25ix3						
R_r7npLknUfGrmzmx						
R_2zUPFp5cVVWwpMV						
R_2w0r2Z2xb10E044						
R_3hiqeBJd1hfGdSa						
R_9t1V8POubLwC62Z						
R_3Dtgc2mXMh6JgoX						
R_3g6nZ2qFNT30Ow2						
R_28NYrsZkmoAsheP						
R_2f6UGh094P1EGGF						
R_31HQjA9vZY8l2di						
R_3n1LZaQhElLPYYA						
R_3qPc869AfpRgR0t						
R_2VDPFHnGPrW6vN5						
R_25Rssxe9god2KIQ						
R_voSKql07BLnqXkZ						
R_AzIKYD7dfscv0Nr						
R_32Veoq95DhzATL3						
R_1GBup0XgvAXtWit						
R_2Xj62tF4wfJNQP0						
R_2rMl9nd7IPhyZtt						
R_BQGmibIA8Q0NqO5						
R_TcPNztUdaquGXhD						
R_u87diCngo1JIyaZ						
R_3QmlCEgOWpMSbQd						
R_31o3sWznVliY2qg						
R_XHygzHWWuXalDfH						
R_3R9mImbJRWnTL3K						
R_UWnfbKewG3sO70l						
R_3iqDc0lmtWSqY75						
R_3iF75LoSXdQ7HwD						
R_2B5QmQtJzmjGW68						
R_2y8axSmkIRVIatL						
R_28ZFtYweKVFAwSd						
R_3lz8CbEldr1DXIx						
R_R9xDUGFiPwwubXX						
R_3LXrFR6xEodwovL						
R_vuX4Hu9bpA4Fnc5						
R_2zevfCImjWNUt04						
R_3frAoQ0eDDqNWfF						
R_2dRPcna0fc2NsUB						
R_1rJSGg5FC9WMdDC						
R_2RUoHjkGFNnaZ0Z						
R_1FJxSkAerYmIlNV						
R_0izazJcZV5vTuI9						
R_2VaIVDZPyukLwzc						
R_3kEDprLhyTBE01j						
R_3KphJWExjiQRV7y						
R_3g1lSdT3IA45zeU						
R_1FtYKVeN5LOgKuL						
R_1OVO39TSi3y6iPy						
R_29cywkcR65KshU3						
R_74cFxGlinjOhhdv						
R_3st8XH8ssAcZJN3						
R_1jcBcxBxYC6mnyD						
R_1FM8DNU2I0DgMS8						
R_cAarSPPO3H1wtnb						
R_2qpJfqcMqmlfdo7						
R_PtDvA11JgqhxLmF						
R_3KqPrS2AdKez2Vy						
R_3NRqrebQxx51S5Z						
R_2YFZiMpHA24s5L8						
R_3JKGpDygd0m2FaQ						
R_3Rl0yRCTJtN1RTY						
R_30wa2wVOSYB79Pt						
R_d08ZU4syNnVRigh						
R_3psZMkxYrN2ZzPD						
R_1FEZuXukO0w7bEb						
R_1OuxCbyb1XmgKUa						
R_242GO2KsSb9M9D6						
R_2qCwG5TXDcwYWFu						
R_3oRYIFtKeMf4DsN						
R_5mu907S18sIRDfH						
R_3CVqLhMNDTGMtch						
R_QnOYLp8QMULiz2p						
R_1pYFoB4ZoDODsLf						
R_2q3PXa1bKkcM1XF						
R_21oLriNXJWqhCR0						
R_eKivkyAhpMxT49H						
R_1eQPmZekK05lsTQ						
R_2V8Bbk7s90MP9RW						
R_1ig6mPljAoh0vfd						
R_122MrDgW7DWbMkc						
R_2aF8D1GAdOeeMTF						
R_4ONzqOCDfS5cPWV						
R_20UIEI6hdDhkt9b						
R_1LCJGuT5nr3npQl						
R_2wmXxJF5Mm1VXQe						
R_279bqHXzcuztMbN						
R_3qUnoUo3Z9F2Gsj						
R_01cMOihaSdCRrqN						
R_4SLhtB4ea0R72N3						
R_1mPhxSbdEOA7zjb						
R_2cu5zVVrWktXyWr						
R_2s7uiAphA31rG1i						
R_2tMgC8BcPcaaEsT						
R_1kIAlaMwHAXzQBd						
R_3qI1DuD6S1bvPmw						
R_3D0UqQr63XBPCSx						
R_e8xzekgnCL9CkE1						
R_3EI9kXyncMxRj5n						
R_sqkvV7n0xhMvsAN						
R_3GqsWj9x89NqLLm						
R_1JR3pspXV7QpYza						
R_3oBzanrXwuzKz02						
R_2eVG8jw5HVJ6mqK						
R_OJxQJp5ZPshDbvX						
R_21jNW6lBDElEMvW						
R_01zccSr5gj1B0Ln						
R_1rOKtKmIpsEhQu0						
R_2VvDFzhL8dpkkDh						
R_1OwttStnMZbB0Br						
R_Xv1y5Snvize1aoh						
R_2Eyjab4ds6UDzgL						
R_pltoAQG9fqDC2Ot						
R_3eldF34HjUxtDf5						
R_UJWDVkxU4OZXoPf						
R_SCPIcQ9qL7BfWbT						
R_2t5opTUppvOciMH						
R_27TBcYPq1dvVx7o						
R_28OkD6K4Ivv7UPS						
R_1CjpV84Bt2utA0L						
R_1DpTj89Q3hrarBE						
R_9zdBXXxvSCbfMlP						
R_2ASRj6E98zo47eD						
R_ZpLhaEXdQAK4Dpn						
R_sZFMHs7Q8VSqWhb						
R_2SwOgM6azihr7QT						
R_yqHQ1DkIZ2zQpiN						
R_u3Wp1DEPP8eV0BP						
R_3rM9a9oAdQq8V36						
R_z1qbHPEW1OL8avD						
R_1OvFniL75r5e3jf						
R_xhB0D0j1jWNzPrP						
R_sdlu3B4zQVBQrct						
R_3qPv9ckBkkzIkCK						
R_qVeWVUsQ3VCGKpb						
R_30vDQHgiY6HIciY						
R_2PnZTvCXjOt0HUQ						
R_1LHfOKgkFdjT65Z						
R_1LGNsc9doVwV6mH						
R_3DtqdyrMNKdStAp						
R_2A0jsAcVwOliEs1						
R_2atp6AWhIPjdptv						
R_2rDDpJYUCo2iCga						
R_3Poh86H8oipuRmY						
R_1CvBGR0eYuukVCr						
R_3ilFGQ5s0z4pPQe						
R_20Znc3rOufPvNZE						
R_sLLe37uJ4WE3CWR						
R_3dYbpTbRklaLk9B						
R_2c1M14zB63XAciV						
R_1laYoWLRA1OJe6V						
R_268PEaMbNwvvrPB						
R_25GrnlUJuo2i3AJ						
R_1Cw3yQU16mKabXY						
R_qXEeUy41o3kQuOJ						
R_3mfQSmK43tMObH9						
R_3s0OdwbWIYGfh1C						
R_2iphucXyDaULF9D						
R_pxxlFM0fvXjniZr						
R_12u5axsiyfldBw9						
R_9Wv6qLCQini7Rpn						
R_1d7aMfn6L7h9hFz						
R_2Y4zjg1VhttXPrk						
R_1dy3NpugydFGIs2						
R_3g0LleVadz6hFlN						
R_2qf67W1iNecMHlg						
R_O76b6BbrGkAseyJ						
R_25GCG85ZlGZ6NQT						
R_2tEW1ga01LOrfGU						
R_1j6x5a3itm4U9aj						
R_3m2gSZAkYW3BIih						
R_2BqvodyeOFXFBIH						
R_10xCuMZ8fXSfyhw						
R_3fqsUXqAfGf0Lb6						
R_2y2eeyVU6Grpe0G						
R_9QvkpaiWLsaEPBv						
R_234rhC0faCiZa1E						
R_1K72kq23ShCbIuG						
R_1rB08mrXNMrZaMx						
R_3qsb5TNrryBpoIY						
R_eeUEWdgWeLpLKBr						
R_1pxIp0cTBMgSPw7						
R_1mqkDLaTaTwout7						
R_DNY8TVY4ZzL8YBb						
R_D1wtkSApU5eeT9D						
R_2Ce1YelcbLGrqPf						
R_24Mf2zeL8IVKKTd						
R_3ezEreiNzjEIRHH						
R_1gv9OfDdGKVnjoc						
R_2SvFQYLXdmoqOTa						
R_3p3aeTLUWZVEB2x						
R_3oL2eiJznkChXER						
R_3lWZQcVyQNFWrfm						
R_1riB0nCI4L1kfu6						
R_QbmCSzsmfsfFWYF						
R_1jV40cM1MyF9HTB						
R_2xzw09TJSkdJBe5						
R_3gXzqI5gsbMvbfJ						
R_2BrDn0xG78QiBWU						
R_2q9lK3HiM2ztWCb						
R_3RaUy2Qe7HruaIC						
R_28Zm8jOm57PDXj7						
R_3O8ODGcJ0fE0meh						
R_1hRN0IlE48K2siE						
R_dhAe7I77uhcUPo5						
R_1kMPTKg0PhaOQMM						
R_Rz3WAifypgXpa4V						
R_21mmS01Vac8UEsA						
R_OO5ocdpALI2UZVv						
R_1q1DDGk7VYXkoma						
R_3nI6lOK1g7mORej						
R_2xPIjlJMG8nVpj1						
R_1dAALyII4VmNcgt						
R_9vFsTRsG2Q8fbq1						
R_1JPbGOtqE6lt40Z						
R_3qxoX9WSrKoCKKk						
R_2U9QQXmJ9gqVTjW						
R_stkqIeedRVemQsp						
R_1hHd8eeiCTLE1Mq						
R_1Ca4is3SEdBQtTD						
R_bBZMNerxfSDDSJb						
R_2CHZF3mcDqBtU7N						
R_3kdOuqcv2ParLqX						
R_2wSmELLmabKanPj						
R_3iyewtN3Vl2MLmS						
R_oXMuhRdhQxsgVsR						
R_24x8OlWsio44vSN						
R_2ePsYjL3sVrb8Sq						
R_1OGFTymG1I1MTmX						
R_3MyCLtlyiFglLd0						
R_3hA4RI3jyHzevJi						
R_2Vax05PAtmC4ZOJ						
R_1DYdxvadeFdRiYd						
R_1l62pK3OzjTQXNk						
R_yIu1r3oBomLcsEh						
R_2anMyvU3Qg4YpAy						
R_cZLz5LkaYJQhS2l						
R_AHcOSBSlG5cl4B3						
R_28M5jvAXrGWUVbk						
R_uspaWXydXcCoq2Z						
R_3IYImXeM0dbJ5pP						
R_2V4MroICDCTisTO						
R_2t9GUc1b0WvW2Ty						
R_1gnlXqB2l45jpKe						
R_2saUNqRwDBJAtdo						
R_27rmjuxdXhXRoNb						
R_3neYyeefHMnwb6h						
R_2dLm8cjw3MPQAd0						
R_1flSyMZFEaTjV2y						
R_s67v8vkazVoxvwJ						
R_8dFLbOL9BfCB59D						
R_tMdnTjFhACWtY8F						
R_3G85Js8MqtDsyro						
R_ZwbF4ukoftVduYV						
R_2ZPNQHn0fUECFRg						
R_1DCkBQGVRF4njWq						
R_1Nk9H1ejQF3wMyU						
R_2qjxYLfEmdm7Gjn						
R_3CBeYojiPQQ1BuF						
R_2VK2EJuQRDoZhSF						
R_31vnBTXvEIccNoX						
R_1pS9XFWZ6cfSmCS						
R_3Hp4xhldoZPcwzq						
R_31vicgwnHWA9T3t						
R_yCnjOJDk33Bqztf						
R_1gpBzyf6a4Vc7xn						
R_1KvYjSubgWINUkV						
R_6ojUL0FBAUUWiBj						
R_1gHGt6U59dShi3J						
R_3soUA8MLOo8l8kc						
R_3DkypZjfMlVR77d						
R_1lmEutraTtzwBow						
R_2ASujJXJxwQzcJo						
R_3Eces4VgvhptBXG						
R_3hyXXSqMflylyFx						
R_3Dki96bndJEfFNy						
R_1GwQep2ZsQIbBDk						
R_tDGC7A3CKZeEp2x						
R_2ElOWrf8P2vHLtQ						
R_3qCIDLcwMQ2YTdz						
R_3q7HeXgOS2gLnFc						
R_uvI5lJBJOvG77od						
R_3JmlmD6VdlIH2mW						
R_1MWkqvwHkExR7J3						
R_1QKmFaEsW6WCZu1						
R_3rH8KndoACYzsvb						
R_2BhcpJztkb7g8su						
R_2Pp68R2P2vA04AV						
R_2wgbAlLaZCD171T						
R_3MsQWNjpXxO5kWT						
R_2xxTbDHTFYajOSQ						
R_3ETgQPAchSePNu4						
R_1kM5r7vs8SYK9dr						
R_vTDM5JJBf2gszEB						
R_Pvp86HW1C6d79Hr						
R_1gHXYAYdNPLa0Zv						
R_11jdyCAqQYvbOG2						
R_1CKLns1Sd4POXas						
R_7PNr9y6qqxwq4AF						
R_1F3evgmPYIthOdX						
R_2UXjYt20sFuXzjF						
R_1n0ioE5tilhzBzj						
R_3pisJ8HGlEklL5a						
R_3Nx0XpEvR8khOfQ						
R_DHpdbDmYrVNiJnr						
R_3CIdwSYKA3QLTui						
R_31bL3JTYUq7jdzY						
R_C4927RtqFO7qfrr						
R_3r2t64wb81dhLk4						
R_3KoIMtNzrxkjatg						
R_vJk9qQ846yul0xb						
R_To0eyn1v0fRqngB						
R_TnFz0En5J9dW3Zf						
R_oXKri3tEwgUJ85j						
R_9XjYGW4NrcBEwlr						
R_2wFWexpFsTJCpNo						
R_qEmeToYOynGlBXb						
R_1ib6jBDMdyd9vgh						
R_C9wiBiZHK7FoJwt						
R_roTRZFe3O1YxSgN						
R_dhAeMR7oko9cvIJ						
R_3ISsv87BRFwiNuM						
R_Q6qg6niK2P6UbiV						
R_x9spC7c26xThpwl						
R_1IFumeUaq9dvvYs						
R_2a8o65etomziH9T						
R_1pysZ7ZHKdL7kkg						
R_3GlWZJ9qSqPYBWV						
R_269bJwFbmA2MDEm						
R_2R3NGZ2wq58Na5i						
R_24wlXaq9y8HsFPn						
R_3dRZRftqP3B71uc						
R_2YVQ1PkzLDZT0lt						
R_1QLb1K7Mtahlqpn						
R_ddkQmEFzwqg5ot3						
R_3CZ5HkcM1B2ztqh						
R_3lryYZ5uKZLqDaD						
R_3ilrm3hNZOPd4lR						
R_001QUuRNBAyMDND						
R_3fksCFs70tVz5Gj						
R_3NQ9j5IFf8Yi9MZ						
R_2pLi7mlnANd8Qsa						
R_XLkSSctwCUM4Dex						
R_2RU5n9VCnO6BIVX						
R_Rqq3zJbd4Qff585						
R_3FVx0OPVmiBfrpt						
R_1ML1FTFtQQnWM0W						
R_1dAWxAshiOurfHs						
R_2WvSrnKI2mSqIMQ						
R_aXYecw6tCJ5L2Gl						
R_3iybntYJ8Xn79bX						
R_VJR04dj37FmD5cZ						
R_1Gxj3iHNMkeCNto						
R_s7n2izvxumGrzVv						
R_CkN5kyvu0HW6MI9						
R_2fiH1p7AaZ6emoT						
R_85MB42xLmqWnKBH						
R_2rNOVnaBxxCWMhF						
R_1mwNJk2lPAumluP						
R_1Oxb7dg1ZAwbPp2						
R_rdrML90j4gsiCGd						
R_aaxnpWdBkjeTmN3						
R_2VQiUJSSiwXO2qG						
R_3EaNFqrbq5v079W						
R_1gC3VwTDEsDuYTa						
R_2zumAocyzXc5yyF						
R_bEDc1ExBlQjHJUB						
R_1LUtjVgAnkQ04Iw						
R_1jSPRhOZTyK4hnK						
R_22VTpykIbYT4Kmn						
R_3k0NV9RWy3KpjD7						
R_2vd0vKA7hbabhBj						
R_2VELcE6qgmWjRwx						
R_29b64bPngmrRV1j						
R_2QRmoQeWepYrQZU						
R_1ClLiuNNEONwYHh						
R_3W3i4hfuakFvejn						
R_2YEp77p4m4DuUuU						
R_2e9gN79XOPKXA2g						
R_1Dv8THAoWUuanuI						
R_1QoRiXaytYtomCd						
R_yr24IamLxDnaQUx						
R_1QiHadZ9emaQ8hB						
R_1dppr6XrVkwKAyn						
R_3q8wvSXLmaxC70g						
R_1owiRcmHxc4FveE						
R_1mgvF1tWwCtGRoS						
R_yBDo8K6TQHxuNqN						
R_1OSLdyBEAGgFfaE						
R_2zVlX5kop6ahzyh						
R_1BQQVY0llIar12P						
R_3ML7URVS3S2GpcY						
R_1JPE9qtytdLRdde						
R_1eF9pJb207BGqQn						
R_xxh2mfUzsTq7bdD						
R_1MLqDHcjO8coeev						
R_3sdgdMvHq4H8wOU						
R_2Bmm1ZEAFd8yieg						
R_3CPExZXG0xLNErf						
R_BFZiOZ2OUuYfZVT						
R_2VqjlB07JIBkLSR						
R_bDBjBugfUWaASVr						
R_RRLeqUCOF109KJb						
R_2900ZVQBwwNtvei						
R_tPUFUvIP4x4Tn57						
R_1GP0WgwSrHYla4Q						
R_1juDZw57qrFHneQ						
R_2qaceluefLv4PSr						
R_3NJJTn9N4rrxZMK						
R_3MAw7Glam0w2Y2G						
R_3nHm261zs20hwQJ						
R_3QLi8numQoDJPO5						
R_eV7PrYZ4le3TB85						
R_ueNIIJLKhbM3IVX						
R_7V3vp8PoYMRnAdP						
R_2wG2kRJEczq9H9a						
R_3fdbOjj7JS8DcBZ						
R_1n6Alc97lMKA91Y						
R_CZCPUxTbl0ZCHPr						
R_3hbjugm4Ot4Xx6V						
R_2RRrrwt03NxpDt8						
R_3ssSzVOlPCWs7W1						
R_10Uc8e6DvXl1bHD						
R_1GWbNaMpGmDi3aI						
R_1CIODVn6osMC8BQ						
R_xFsXcQwQbsedWwx						
R_AhY051r1Q8no8G5						
R_ODKk5Xi5XPwQok9						
R_37PsZckD0O1qxz3						
R_0Alku5X9AeTqTlL						
R_3n8H1LTODFDCllD						